﻿insert into [admin] values
('0001','管理员一','D0884ED493F7FA385A66ADCC'),
('0002','管理员二','42E91CE967BAD6DD7C6BED47')

insert into Department values
('A001','眼科'),
('A002','内科'),
('A003','耳鼻喉科'),
('A004','骨科'),
('A005','神经科'),
('A006','消化科'),
('B001','儿科'),
('B002','妇科'),
('B003','血液科'),
('C001','传染科'),
('C002','口腔科')

insert into doctor values
('000001','A001','区金锐','12345','2F1DF3C7A0D68571D9A955B6'),
('000002','A002','彭林','12345','849AFE3466E6DD403C8D27A3'),
('000003','A002','郑江华','123','B8742C5B8781E06DEFD0F834'),
('000004','A003','郑祥光','3467','3D7BC08E1F8840299FDDDDA7'),
('000005','A004','刘超','1356','4B97D69199DCDA75B1B8A5BE'),
('000006','A005','张飞','12345','505DC5DB35E175DAC6A2D6A1'),
('000007','A006','赵成利','1245','D8DD3037B157B0C1C9C062B3'),
('000008','B001','李浩计','1245','BB56822B4725E3C6E64631E2'),
('000009','B002','杨成','12456','54B6CBFD1E1C5F42ABD0BA8C'),
('000010','B003','杨彤','1234556','DF58FD3FE76B5D68D7A7B3A3'),
('000011','C001','李太生','123','CAC4DB2B9BD7C23B2BA090D0'),
('000012','C002','龙云','1234','E1B7445461C86DD0A387B3CE')

Insert Into Appointment values
('1250001','A001','2013-12-01','今早起床突然感觉腰部非常痛，感觉像是有针刺一般',1),
('1250001','A001','2013-12-21','近1年出现乏力、消瘦、多饮，自觉心烦、阵发心悸、坐立不安，夜间睡眠差、思睡，记忆力下降、注意力不集中',0),
('1250001','A001','2013-12-28','今早起来感到眼疼 ，眼胀 ，视力模糊， 眼角膜有树枝状',0),
('1250001','A001','2013-12-8','昨晚一直流黄鼻涕，鼻塞更是特别严重，鼻涕更是一节课要拧一次，今早起床鼻塞更是加重',0),
('1250001','A003','2013-12-28','昨天下午打篮球不慎扭伤脚，当时用冰敷后感觉好很多，勉强可以走路，但是今早起来觉得脚非常疼痛，站都站不起来',0),
('1250002','A003','2013-12-28','今早起床突然感觉腰部非常痛，感觉像是有针刺一般',0),
('1250002','B003','2013-12-28','昨晚同学聚会喝多了，现在感觉头晕眼花，四肢疼痛',0),
('1250002','A004','2013-12-28','前几天和同学去吃了烧烤，第二天感觉胃有点不舒服，但是没觉得有什么大碍。但是胃部感到越来越不舒服，没有食欲，今早还有过几次腹泻',0),
('1250002','A005','2013-12-28','前几天降温没注意加衣服，不慎感冒，但是当时也没太在意，现在情况越来越严重，感到浑身乏力，流鼻涕，头晕眼花，没精神',0),
('1250003','B003','2013-12-28','昨晚看书太晚，今早起来突感眼睛疼涨，眼睛发红',0),
('1250003','B001','2013-12-29','近来感到耳朵听力有点下降，发蒙，别人说话听不太清楚，耳朵有点疼痛',0),
('1250004','A003','2013-12-28','今天下午时腹部突然感到无比疼痛，并且还有呕吐感，10分钟后才好一点，现在肚子仍有疼痛感',0),
('1250004','A004','2013-12-28','昨天上体育课跑完1000米洗完澡睡觉醒来后，感觉全身肌肉疼痛，并且喉咙有轻微疼痛感',0),
('1250005','C002','2013-12-28','前几天和同学去吃了烧烤，第二天感觉胃有点不舒服，但是没觉得有什么大碍。但是胃部感到越来越不舒服，没有食欲，今早还有过几次腹泻',0),
('1250005','A003','2013-12-28','前几天降温没注意加衣服，不慎感冒，但是当时也没太在意，现在情况越来越严重，感到浑身乏力，流鼻涕，头晕眼花，没精神',0),
('1250005','A005','2013-12-28','昨晚看书太晚，今早起来突感眼睛疼涨，眼睛发红',0),
('1250006','A001','2013-12-28','近来感到耳朵听力有点下降，发蒙，别人说话听不太清楚，耳朵有点疼痛',0),
('1250007','A003','2013-12-28','今天下午时腹部突然感到无比疼痛，并且还有呕吐感，10分钟后才好一点，现在肚子仍有疼痛感',0),
('1250008','A002','2013-12-28','今早起来感到眼疼 ，眼胀 ，视力模糊， 眼角膜有树枝状',0),
('1250009','A003','2013-12-28','昨晚一直流黄鼻涕，鼻塞更是特别严重，鼻涕更是一节课要拧一次，今早起床鼻塞更是加重',0),
('1250009','A001','2013-12-28','昨天下午打篮球不慎扭伤脚，当时用冰敷后感觉好很多，勉强可以走路，但是今早起来觉得脚非常疼痛，站都站不起来',0),
('1250010','A002','2013-12-28','今早起床突然感觉腰部非常痛，感觉像是有针刺一般',0)

insert into visit values
('1250001','2013-9-12 9:00:00','000011','123','12.3','精神疲倦，发热，咳嗽，有痰，无气促，呕吐胃内容物一次，耳痛，无耳鸣，纳呆，睡眠差，大便烂，日三次，小便调，急性支气管炎'),
('1250001','2013-10-1 9:00:00','000001','23','2.3','右腹疼痛、腹胀、纳差、乏力。尤以近一周内明显加重，尿色深如浓茶，总胆红素51.3μmol/L,直接胆红素42.8μmol/L,ALT800U,HBsAg 、HBsAg、抗HBeIgM、抗HCV均阳性，抗HAVIgM阴性。尿胆红素及尿胆原1:20阳性。诊断慢性迁延型乙型病毒性肝炎，急性黄疸型病毒性肝炎重叠感染，收容入院'),
('1250001','2013-10-3 9:00:00','000009','50','5','乏力、纳差、腹胀、肝区痛来我院门诊。查肝功能总胆红素10.26μmol/L,ALT86U、HBsAg、ABeAg阳性，抗HAVIgM，阴性，抗HCV阴性，以急性无黄疸型乙型病毒性肝炎'),
('1250001','2013-11-12 9:00:00','000008','100','10','神志清，精神软弱，结膜，皮肤轻度黄染。五官、心、肺无特殊。肝肋下2.0cm,剑突下5cm，质中,有触痛及叩击痛。尿胆红素及尿胆原阳性，ALT800U,SB51.3μmol/l , DB42.8μmol/L　,HBsAg 、HBeAg、抗HBcIgM、抗HCV均阳性，抗HAVIgM阴性，病毒性肝炎，丙型，急性黄疸型'),
('1250002','2013-12-12 9:00:00','000001','80','8','浴后着凉，次晨感畏寒、战慄、发热，伴头痛、全身不适、肌肉疼痛、胸痛、咳嗽及轻度咽痛，无鼻塞、流涕，查血像WBc15×109/L，N90%核左移，L10%，血沉300mm/h，尿蛋白+，RBC2-5/HP，X线胸片中下部有斑片状浸润阴影，经用青霉素治疗，留急诊室观察，24h体温不降，以发热待查，呼吸道感染收治入院。'),
('1250002','2013-9-22 9:00:00','000002','90','9','原患慢性支气管炎，阻塞性肺气肿。现反复寒战，持续高热，相对缓脉，胸痛，咯粘痰，带血丝，肺炎病原菌并非一般常见的球杆菌，而以军团菌可能性为大'),
('1250002','2013-10-14 9:00:00','000007','123','12.3','咳嗽、咯痰加重，早晚尤剧，有时伴气短。每日痰量约10～20ml，为白色泡沫样，血红蛋白156.0g/L，红细胞4.8×1012/L(480万)，白细胞11×109/L(11000/μl)，中性80%，淋巴15%，嗜酸2%，嗜碱1%，单核2%。，慢性支气管炎急性发，需青霉素等药物治疗方可缓解'),
('1250002','2013-10-27 9:00:00','000008','123','12.3','右上腹持续性胀痛，呕吐两次，为胃内容物。腰部有放射痛，畏寒，出现黄疸。入院检查：BP10.7/5.3kPa(80/40mmHg)，T40℃，P118/min，烦躁不安，出冷汗，巩膜及皮肤明显黄染，腹胀，腹式呼吸存在，右上腹明显触痛，轻度肌紧张，肝脾未扪及，肠鸣减弱，并发症急性肾功能衰竭'),
('1250003','2013-11-12 9:00:00','000001','80','8','阵发性咳嗽半月前受凉后开始咳嗽，呈阵发性，无畏冷发热，无咯血及胸痛，伴有少量的白色黏稠痰。曾服止咳糖浆等3天，效果不好。'),
('1250003','2013-12-12 15:00:00','000001','22','2.2','因骑车与一小车追尾而侧翻，左肩部着地，患部无红肿，无青於，经x光检查无骨折，骨裂，但是，患者左手不能下垂，疼痛 难忍，手冰凉，轻微肩缩骨关节脱位，'),
('1250003','2013-12-27 9:00:00','000001','21','2.1','右上第一磨牙远中龋坏深还牙本质层, 探诊(++）,叩诊(-)，冷热诊（＋＋＋），牙周正常无牙石,牙龈颜色正常,牙齿松动,其余牙正常,口腔卫生良好,X光可见右上第一磨牙远中龋坏接近髓腔. '),
('1250004','2013-9-18 9:00:00','000001','45','4.5','发热，咳嗽，有痰，呕吐胃内容物一次，耳痛，纳呆，睡眠差，大便烂。咽充血(+++)，双扁桃体II°大。双肺呼吸音粗，双下肺可闻及少量干湿性罗音。  辅助检查：血分析：WBC 12.6x10e9/L， GRAN%76.2%，胸片示：双肺支气管感染。 '),
('1250005','2013-9-20 9:00:00','000001','46','4.6','头晕、头痛，伴视物模糊、黑朦及晕厥，无胸痛、胸闷，无恶心、呕吐等不适症状，血压最高达160/100mmHg，服用“卡托普利、利血平、硝苯地平”等降压药物治疗，血压控制在120/80mmHg左右'),
('1250005','2013-10-12 9:00:00','000001','67','6.7','头晕,咳嗽3天,无发热,咽痛等不适,咳痰较少,为白色痰.PE：T36.2度,咽部稍充血,扁桃体无肿大,双肺呼吸音清,未闻及干湿性罗音,余未见异常.初步诊断：上呼吸道感染，R 血常规，胸透，阿奇霉素0.5qd，复方甘草片3片tid，维C银翘片2片tid，注意休息,多喝水.'),
('1250006','2013-10-12 9:00:00','000002','23','2.3','恶心、呕吐、腹痛、腹泻、发热服用藿香正气液，氟哌酸，双岐杆菌活菌胶囊对症治疗。呕吐用吗丁啉，脱水严重需要静脉输液。伴有发热的应用安瑞克等。注意饮食卫生，饮食定时定量，少吃生冷和不易消化的食物和刺激性食物。减轻胃肠负担'),
('1250006','2013-11-12 9:00:00','000002','26','2.6','乏力、怕热、多汗、有时心悸。气促；多食易饥，每餐200～250g，每日进4～5餐。同年3月失眠，性情急躁，激动时全身发抖。心率140±/min。甲状腺较前增大，可闻血管杂音。检查T4283,lnmol/L(22g/dl)，T84.62nmol/L(3ng/ml)，摄131I率：3h93.7%,24h100%；门诊诊断为甲状腺功能亢进而收治。'),
('1250007','2013-11-12 9:00:00','000002','76','7.6','怕热、多汗、多食、消瘦，T4及131I率明显升高，检查T3树脂摄取试验、TSH兴奋试验、TRH兴奋试验，均支持甲状腺功能亢进。检测胆固醇3.88mmol/L（150mg/dl），抗甲状腺球蛋白抗体阳性。'),
('1250007','2013-12-12 9:00:00','000001','81','8.1','头昏、乏力、耳鸣，行走快或登楼时心慌、气促，检验血红蛋白60g/L，白细胞5.7×109/L，血小板计数120×109/L，网织红细胞1.0%。血清铁13.4μmol(75μg/dl)，总铁结合力53.7μmol(300μg/dl)，铁饱和度25%。诊断为“急性菌痢”'),
('1250008','2013-12-12 9:00:00','000004','23','2.3','头昏、乏力、食欲减退，活动后心慌，血红蛋白60g/L，白细胞计数5.7×109/L，血小板计数120×109/L，网织红细胞1.0%，缺铁性贫血 '),
('1250009','2013-9-12 9:00:00','000005','10','1','腹部痛性痉挛，呕吐，腹泻三天，水样便。多汗无食欲，持续低烧，诊断为急性肠胃炎，'),
('1250031','2013-9-12 9:00:00','000001','143','14.3','头晕,咳嗽3天,无发热,咽痛等不适,咳痰较少,为白色痰.'),
('1250032','2013-10-12 9:00:00','000001','125','12.5','鼻塞、流涕，轻微咳嗽，自服抗感冒药物效果不佳，近1日觉畏寒，发热，体温37.7℃，查咽喉部红肿，扁桃腺（－）双肺呼吸音清，心脏听诊无异常，腹检无异常。血象WBC正常，L稍高。余（－）。 处理：利巴韦林5片/次，3次/日含化；VC银翘片3片/次，3次/日；板蓝根15g/次，3次/日；复方川贝精片4片/次，3次/日；尼美舒利1片/发热时服。 诊断：上呼吸道感染（感冒）'),
('1250033','2013-10-12 9:00:00','000004','90','9','体温38。5℃，、精神萎靡或、烦躁不安、持续发烧、呼吸急促、全身无力、心跳加快等。呕吐增多，背痛,盗汗,钝痛,恶心,乏力,腹肌紧张 ，诊断为细菌性肝肿胀，口服含盐米汤或给予 细菌性痢疾   口服补液盐（ORS），呕吐者需静脉补液，每日1500ml～3000m'),
('1250033','2013-10-12 11:00:00','000001','130','13','牙龈红肿、遇冷热刺激痛、面颊部肿胀，牙列拥挤,牙周袋形成,牙根外露,牙龈出血,牙龈肿胀,牙齿松动和脱落，诊断为牙周炎，服用氧氟沙星、螺旋霉素、3%过氧化氢液、10%碘合剂、螺旋霉素、灭滴灵、碘甘油 '),
('1250034','2013-11-12 9:00:00','000001','18','18','持续性发热,发热伴寒战,胸痛,咳嗽伴胸痛,咳痰,脓痰,黏液脓性 ，诊断为肺炎，口服头孢菌素、大环内酯类抗生素、盐酸氨溴索、川贝枇杷止咳糖浆 '),
('1250035','2013-11-12 9:00:00','000001','113','11.3','发热、不适、疲倦、胃纳不佳、面色苍白、多汗和腹痛，诊断为风湿热。肾上腺皮质激素，泼尼松2mg/(kg•d)，最大量≤60mg/d，阿司匹林，100mg/(kg•d)，最大量≤3g/d'),
('1250036','2013-12-12 9:00:00','000007','154','15.4','有异物感，畏光，流泪，很多粘液或粘液性分泌物，角膜上有活动性血管翳，睑内翻，倒睫，角膜溃疡及眼球干燥，视力减退z，诊断为急性砂眼，0.1%利福平或0.5%金霉素或四环素眼药水每日滴眼3～6次'),
('1250037','2013-11-12 9:00:00','000001','59','5.9','眼球后部的轻微胀 ，用手压迫眼球时引起轻微疼痛 ，自觉视力朦胧或视物不清，视力迅速减退，静脉给予甲泼尼龙 (methylprednisolone)，维生素B1和维生素B12肌肉注射，每日一次，三磷酸腺苷20mg肌注每日一次'),
('1250039','2013-9-12 9:00:00','000011','38','3.8','易产生饥饿感，食欲亢进，老有吃不饱的感觉，尿量增多，每昼夜尿量达3000～5000毫升，排尿次数增多，体重减轻、形体消瘦，疲乏无力，精神不振，有顽固性手脚麻痹、手脚发抖、手指活动不灵及阵痛感、剧烈的神经炎性脚痛，下肢麻痹、腰痛，不想走路，夜间小腿抽筋、眼运动神经麻痹，重视和两眼不一样清楚，诊断为糖尿病，注射胰岛素，生石膏30克，黄芩10克，地骨皮、生知母各15克，天门冬、麦门冬、天花粉、粳米各20克，生甘草8克，水煎服，每日1剂。'),
('1250040','2013-9-12 9:00:00','000001','35','3.5','晨起喷嚏流涕，鼻粘膜苍白，肥厚，鼻腔内大量的稀薄分泌物，眼眶下黑眼圈，眼睛发红发痒及流泪 ，为过敏性鼻炎，服用玉屏风口服液+补中益气丸，肌肉注射扑尔敏和地塞米松	')


insert into visit values
('1250001','2013-9-12 9:00:00','000011','123','12.3','','','','',''),
('1250001','2013-10-1 9:00:00','000001','23','2.3','','','','',''),
('1250001','2013-10-3 9:00:00','000009','50','5','','','','',''),
('1250001','2013-11-12 9:00:00','000008','100','10','','','','',''),
('1250002','2013-12-12 9:00:00','000001','80','8','','','','',''),
('1250002','2013-9-22 9:00:00','000002','90','9','','','','',''),
('1250002','2013-10-14 9:00:00','000007','123','12.3','','','','',''),
('1250002','2013-10-27 9:00:00','000008','123','12.3','','','','',''),
('1250003','2013-11-12 9:00:00','000001','80','8','','','','',''),
('1250003','2013-12-12 15:00:00','000001','22','2.2','','','','',''),
('1250003','2013-12-27 9:00:00','000001','21','2.1','','','','',''),
('1250004','2013-9-18 9:00:00','000001','45','4.5','','','','',''),
('1250005','2013-9-20 9:00:00','000001','46','4.6','','','','',''),
('1250005','2013-10-12 9:00:00','000001','67','6.7','','','','',''),
('1250006','2013-10-12 9:00:00','000002','23','2.3','','','','',''),
('1250006','2013-11-12 9:00:00','000002','26','2.6','','','','',''),
('1250007','2013-11-12 9:00:00','000002','76','7.6','','','','',''),
('1250007','2013-12-12 9:00:00','000001','81','8.1','','','','',''),
('1250008','2013-12-12 9:00:00','000004','23','2.3','','','','',''),
('1250009','2013-9-12 9:00:00','000005','10','1','','','','',''),
('1250031','2013-9-12 9:00:00','000001','143','14.3','','','','',''),
('1250032','2013-10-12 9:00:00','000001','125','12.5','','','','',''),
('1250033','2013-10-12 9:00:00','000004','90','9','','','','',''),
('1250033','2013-10-12 11:00:00','000001','130','13','','','','',''),
('1250034','2013-11-12 9:00:00','000001','18','18','','','','',''),
('1250035','2013-11-12 9:00:00','000001','113','11.3','','','','',''),
('1250036','2013-12-12 9:00:00','000007','154','15.4','','','','',''),
('1250037','2013-11-12 9:00:00','000001','59','5.9','','','','',''),
('1250039','2013-9-12 9:00:00','000011','38','3.8','','','','',''),
('1250040','2013-9-12 9:00:00','000001','35','3.5','','','','','')

